cluster_id,medoid_id,Longitude,Latitude
0,Mid6679,-113.48487383434741,53.601305100831354
1,Mid4163,-113.51492569092791,53.52289326108867
2,Mid6526,-113.459741612974,53.512322677081535
3,Mid2677,-113.53790518337205,53.42485607309866
4,Mid1406,-113.42740698550769,53.59942646168229
5,Mid1279,-113.55632784078634,53.57032032693031
6,Mid2571,-113.49493703228514,53.48354136496637
7,Mid2792,-113.52311332890243,53.5669575875839
8,Mid4930,-113.39986167214747,53.51239653129358
9,Mid3662,-113.6304285311296,53.53103399884453
10,Mid2769,-113.48839885735295,53.53572259385681
11,Mid4269,-113.51680413079572,53.61060391277952
12,Mid3940,-113.50090201460823,53.488239192718616
13,Mid6525,-113.48144245309373,53.51223905051708
14,Mid3453,-113.5094427942056,53.61407846842907
15,Mid1654,-113.61519171114229,53.55075507713375
16,Mid2605,-113.47592714687099,53.53306263837938
17,Mid3303,-113.53883809306217,53.47014981741127
18,Mid1460,-113.5260225235524,53.59958810984902
19,Mid1784,-113.49796660648478,53.45381006369225
20,Mid7406,-113.52275527641187,53.42902000381371
21,Mid1429,-113.42738189671743,53.59960606076816
22,Mid3291,-113.53872680736211,53.463050361022155
23,Mid7681,-113.52351526681213,53.52930787781806
24,Mid4641,-113.58704110396296,53.43087705811388
25,Mid5063,-113.45307078047442,53.54122744028753
26,Mid1721,-113.36918290594889,53.622137780309885
27,Mid2030,-113.41868040129116,53.53576344709475
28,Mid4101,-113.45651924337109,53.5393560945983
29,Mid6287,-113.40237632492736,53.59624884497571
30,Mid2771,-113.51621977862398,53.42261352547106
31,Mid549,-113.4047836619665,53.516285158164685
32,Mid2321,-113.44605268363739,53.525289834457766
33,Mid1632,-113.3692373317558,53.50576887368974
34,Mid1791,-113.52136778513912,53.453816238068384
35,Mid3687,-113.63012001579003,53.52662991180496
36,Mid4991,-113.479405732334,53.491202770867304
37,Mid4545,-113.53853603406826,53.54724893266931
38,Mid2593,-113.48745443551202,53.53823463655426
39,Mid1382,-113.60295225754948,53.59932892657638
40,Mid3666,-113.627296508123,53.53956095641607
41,Mid3760,-113.45404262313158,53.45262895048656
42,Mid3469,-113.42591485234215,53.61577373324678
43,Mid2014,-113.41830859763334,53.502243555333166
44,Mid3110,-113.48291939744645,53.54558364915237
45,Mid4566,-113.52757666318391,53.5394781862769
46,Mid16,-113.41843282211372,53.584196891466846
47,Mid3588,-113.31962146078706,53.57127505411342
48,Mid1196,-113.51664855573367,53.473926153984586
49,Mid4026,-113.43562622505218,53.44912863004429
50,Mid3781,-113.66438663713498,53.45403398057804
51,Mid1131,-113.48330950500495,53.560502098184905
52,Mid4248,-113.61824744632447,53.49756776922606
53,Mid1944,-113.41805490715403,53.48984148060954
54,Mid1827,-113.5465510240463,53.45598127544923
55,Mid3317,-113.54090951446729,53.50232795831222
56,Mid3234,-113.5165017214929,53.45146024953059
57,Mid2291,-113.4672533199346,53.58756931653887
58,Mid1628,-113.36884617807655,53.461465048671215
59,Mid3477,-113.49703403634656,53.61411682509171
60,Mid2265,-113.46718590405361,53.593769323405034
61,Mid3650,-113.6304500093127,53.5178246561495
62,Mid4409,-113.49876781209285,53.52471368740129
63,Mid226,-113.47252393729012,53.58139235573994
64,Mid2525,-113.48610517875592,53.522593145910804
65,Mid27,-113.49171190072627,53.60465913181052
66,Mid2377,-113.46685136574945,53.4622121149694
67,Mid2674,-113.57570151158292,53.425176039809
68,Mid605,-113.57835179365172,53.47281187450435
69,Mid4529,-113.56329865906424,53.54311850029831
70,Mid632,-113.4501474127632,53.56646473685192
71,Mid1993,-113.42102858797773,53.46244818165169
72,Mid3631,-113.61550965430929,53.508342229809934
73,Mid1328,-113.50426474019964,53.58485288140257
74,Mid4599,-113.38623788347957,53.59643673701506
75,Mid5412,-113.53046100794187,53.61551065256482
76,Mid1900,-113.3938022898089,53.49637067612561
77,Mid2912,-113.65077832820973,53.59615327590559
78,Mid989,-113.53852160617302,53.55093313129651
79,Mid2112,-113.46270838077434,53.49993525526508
80,Mid1816,-113.50518597808902,53.454019902906765
81,Mid4166,-113.52320537180816,53.5229265638558
82,Mid2564,-113.53495997765818,53.50500077844237
83,Mid1802,-113.58533407678529,53.45630188786398
84,Mid1790,-113.50518355083776,53.453840170019475
85,Mid4062,-113.51638827421954,53.51813658581758
86,Mid3364,-113.40594044459884,53.59770434721147
87,Mid5800,-113.59643001332594,53.509806969478404
88,Mid1338,-113.54114797272373,53.61555210002539
89,Mid4125,-113.63408349827972,53.521520090845115
90,Mid1760,-113.63960262151483,53.562692565396375
91,Mid5262,-113.51211364426582,53.53573183691821
92,Mid1454,-113.5459135335945,53.59957538068545
93,Mid2995,-113.42602600980345,53.5400223729559
94,Mid3741,-113.40154746873417,53.454354500229336
95,Mid6706,-113.58416385468756,53.53151108488059
96,Mid3030,-113.68891129736312,53.56741377653944
97,Mid2902,-113.582452275696,53.43068138285352
98,Mid2387,-113.46686591499702,53.47847708018941
99,Mid3334,-113.53593988132074,53.5645818228196
100,Mid1623,-113.36931124509289,53.51439593744938
101,Mid175,-113.57171140162508,53.59625584796422
102,Mid5456,-113.44764925015504,53.58766014359778
103,Mid4127,-113.65228907931446,53.52121497983386
104,Mid1352,-113.54134140219494,53.61555284141423
105,Mid7636,-113.57821678358334,53.485212184933516
106,Mid1172,-113.51636483548182,53.42719706524646
107,Mid5291,-113.40917210242682,53.56680853729841
108,Mid3444,-113.5779897622622,53.534634554098616
109,Mid1337,-113.54105994368037,53.600814892402376
110,Mid1848,-113.47730176503816,53.46648177066869
111,Mid1629,-113.36884492741477,53.46550882684806
112,Mid2654,-113.47695291276878,53.42514388362064
113,Mid3152,-113.44613658346447,53.54937281392565
114,Mid2009,-113.4182762482247,53.49370659062598
115,Mid6676,-113.46833779171551,53.52664904634123
116,Mid3484,-113.41029164451639,53.61587749585553
117,Mid1003,-113.60542044519332,53.55135225817431
118,Mid10,-113.41376838638807,53.59945028512616
119,Mid34,-113.4916894747281,53.61948578785381
120,Mid566,-113.71046923224372,53.541228989581995
121,Mid3347,-113.54118906187335,53.57844043618873
122,Mid5400,-113.40603445935656,53.5750601280675
123,Mid2726,-113.46269383909859,53.57245249892035
124,Mid1963,-113.4185069057614,53.53037096739853
125,Mid3820,-113.43175594131125,53.46537524837024
126,Mid1234,-113.52271850259018,53.50010005830088
127,Mid142,-113.3991462235864,53.62247165937404
128,Mid223,-113.53078302759168,53.580736422945805
129,Mid244,-113.58043759913443,53.42914667786407
130,Mid891,-113.6502174259208,53.53675468284101
131,Mid2224,-113.47290058879176,53.5179527762572
132,Mid6513,-113.45546317065664,53.60117488735459
133,Mid2144,-113.44295341366139,53.61801086716464
134,Mid4185,-113.62425845898169,53.529666872865604
135,Mid1529,-113.57798037735348,53.5654564003565
136,Mid4031,-113.44264619480612,53.428493346908986
137,Mid4598,-113.3861565471509,53.59131430839988
138,Mid199,-113.39936518476766,53.57925025217228
139,Mid219,-113.32177484416272,53.570388676602846
140,Mid3279,-113.52129399109678,53.54466508440276
141,Mid3785,-113.37347141281325,53.454030848771
142,Mid4380,-113.6328297246937,53.4889868522206
143,Mid1475,-113.4610678019109,53.59976250851366
144,Mid130,-113.39034276849671,53.64390350293568
145,Mid3559,-113.46349533827532,53.628618215130615
146,Mid571,-113.66860794514481,53.541210179266535
147,Mid608,-113.59483374652638,53.445910586322334
148,Mid3728,-113.66449946794357,53.5012110784334
149,Mid3861,-113.50985940397071,53.46679947080834
150,Mid3222,-113.51652385959903,53.445799067568025
151,Mid48,-113.49202052995065,53.604750301440504
152,Mid2369,-113.4668082095233,53.43741011088318
153,Mid2522,-113.48611832543858,53.49222028875661
154,Mid5854,-113.60882510098688,53.521350264369005
155,Mid3715,-113.66524233422324,53.49204741584997
156,Mid1882,-113.39394932659587,53.456562747789086
157,Mid4294,-113.54113871289518,53.52632155804336
158,Mid1682,-113.615530733735,53.516339851189656
159,Mid1997,-113.41827173427674,53.46782648918756
160,Mid1836,-113.520819296193,53.45399376230371
161,Mid1305,-113.52700318658059,53.556279724946315
162,Mid2956,-113.48520923494598,53.529328823114305
163,Mid1166,-113.51651145142965,53.49234709100162
164,Mid1409,-113.51045087119181,53.59943556218062
165,Mid4996,-113.47942947383123,53.47646565836684
166,Mid2969,-113.47536146237525,53.557591983568145
167,Mid3489,-113.45474163331173,53.615908528628125
168,Mid4093,-113.46590698696792,53.641029523066074
169,Mid4796,-113.48933014781723,53.6267543195511
170,Mid2211,-113.44348437442531,53.539565727777344
171,Mid2910,-113.65062878912862,53.59615283941058
172,Mid1136,-113.5185479205991,53.43745011727159
173,Mid6214,-113.41939024192659,53.47061763720657
174,Mid3759,-113.46283359223375,53.451860043066624
175,Mid2998,-113.6090225604128,53.43975743865835
176,Mid3542,-113.6027710472015,53.53552817702254
177,Mid33,-113.49168083777161,53.615801531548335
178,Mid88,-113.49203385567323,53.47598073047527
179,Mid4809,-113.61911496820441,53.53360443380594
180,Mid3517,-113.59040573114848,53.561276195035994
181,Mid4645,-113.61616950164685,53.43861241899118
182,Mid1640,-113.6151429436164,53.528020404307654
183,Mid2705,-113.42596692694788,53.59555559953442
184,Mid4216,-113.50024944364577,53.499019766902755
185,Mid1189,-113.51669339385437,53.4596384077484
186,Mid2837,-113.61134505429155,53.54849614934218
187,Mid3417,-113.57797556380757,53.55350506125856
188,Mid592,-113.57016930173069,53.482307971535
189,Mid3725,-113.66496898299732,53.483330192920725
190,Mid5593,-113.40932261102522,53.60041687947268
191,Mid3799,-113.45718804123109,53.4588437317242
192,Mid4429,-113.56564264826622,53.44967205840982
193,Mid1396,-113.5717666043283,53.59931125187641
194,Mid2932,-113.43039248733515,53.49466355451948
195,Mid6175,-113.39643199928847,53.60125115467657
196,Mid2239,-113.47291605802936,53.51804270504089
197,Mid3447,-113.57800742138292,53.58396751891422
198,Mid4491,-113.4640606442256,53.549364614520066
199,Mid4273,-113.51853740498825,53.61869820369443
200,Mid2281,-113.46730176379354,53.57903286714788
201,Mid1778,-113.4827400873207,53.45356539125931
202,Mid2246,-113.50338594304218,53.51808328656726
203,Mid4119,-113.5932628276763,53.51941127642162
204,Mid4637,-113.62236100685753,53.43944090295627
205,Mid2157,-113.44293060891918,53.58242640451922
206,Mid185,-113.5595860195128,53.58408084847671
207,Mid4483,-113.58856958603529,53.475453452501974
208,Mid4604,-113.38466957020938,53.60550451753354
209,Mid2166,-113.52821280643838,53.50749043644292
210,Mid3570,-113.46317108308955,53.62879647936931
211,Mid4023,-113.44030528459933,53.4393557016775
212,Mid3188,-113.62261410974307,53.553294793782705
213,Mid4235,-113.49563908248359,53.53674181166639
214,Mid2171,-113.44265182651951,53.506582994760635
215,Mid4899,-113.42436473482019,53.50478897978631
216,Mid3293,-113.53864284506417,53.471766562401676
217,Mid2339,-113.46633301631132,53.46176049376828
218,Mid3639,-113.63007381468734,53.49904271775975
219,Mid1607,-113.36875455818029,53.4850982018085
220,Mid4931,-113.41174802407129,53.512455607568064
221,Mid1584,-113.40449995602653,53.62815954944934
222,Mid5422,-113.47979083560381,53.576661611477874
223,Mid2459,-113.42338227098931,53.538302305784065
224,Mid977,-113.5031592215478,53.5726273967904
225,Mid3384,-113.56558980811093,53.540071608637476
226,Mid3784,-113.38217406136455,53.45407616724955
227,Mid1754,-113.6397403105325,53.58201270317315
228,Mid1353,-113.54129884613218,53.62031519562332
229,Mid562,-113.40428563528211,53.51664212141138
230,Mid894,-113.6199428910746,53.53917837412068
231,Mid1219,-113.51747102799196,53.43088587057529
232,Mid6557,-113.44925616713455,53.535369009064794
233,Mid4274,-113.51708539021959,53.6246230385399
234,Mid1646,-113.61502884966518,53.53727560143878
235,Mid3275,-113.52550685508962,53.5211385127856
236,Mid1890,-113.39374284285729,53.4768704474681
237,Mid3380,-113.56538195310506,53.40662741189101
238,Mid169,-113.36304482165666,53.516249800160374
239,Mid1530,-113.57800832846138,53.574172861663946
240,Mid1982,-113.41855295241405,53.439970703548056
241,Mid3778,-113.4142337598348,53.455495711698724
242,Mid5225,-113.5096598009141,53.45772266316469
243,Mid3839,-113.40282139238643,53.46388622336445
244,Mid3399,-113.56574762813558,53.547350829159434
245,Mid7664,-113.51894579897514,53.42100702257107
246,Mid4808,-113.61789248398883,53.55094345494759
247,Mid1354,-113.54128290972253,53.626245811170925
248,Mid4007,-113.43538800769468,53.46368509568402
249,Mid4087,-113.46752388719825,53.618661850680446
250,Mid5893,-113.61953618180343,53.50242433557905
251,Mid2163,-113.52853284499832,53.50731197795951
252,Mid3617,-113.61532599539221,53.50798219813663
253,Mid2042,-113.41817356196216,53.42675912802688
254,Mid1017,-113.50493491520142,53.57919450798755
255,Mid5252,-113.51027302539266,53.5356344532141
256,Mid3507,-113.59031313190435,53.535396286866806
257,Mid4280,-113.50421896759036,53.62888366346494
258,Mid2199,-113.44299118497558,53.51610982299518
259,Mid1922,-113.41790855680755,53.435474463705965
260,Mid4542,-113.57074843753628,53.5420671528305
261,Mid1078,-113.51200830841172,53.505268734538944
262,Mid1555,-113.59013258360375,53.597488527059625
263,Mid544,-113.42980419540464,53.515598355496074
264,Mid5232,-113.51200743871826,53.63044326577331
265,Mid1652,-113.61533387926164,53.54689157146967
266,Mid988,-113.58420358199447,53.55101080349133
267,Mid2738,-113.54999209955295,53.50415970403086
268,Mid1237,-113.52295991365659,53.505043355924634
269,Mid2124,-113.44272735786703,53.612797977820385
270,Mid423,-113.49036693665627,53.43796224834629
271,Mid2878,-113.47994891965428,53.42731365214567
272,Mid4316,-113.54063802495983,53.54402206786836
273,Mid4597,-113.38496847006024,53.586905071205635
274,Mid2351,-113.46685977023638,53.485576083820966
275,Mid1893,-113.39381864102133,53.48486850556767
276,Mid1163,-113.51643746740562,53.49567164027252
277,Mid4570,-113.38265462538294,53.58132183434904
278,Mid1962,-113.41845991300632,53.535672514498664
279,Mid2828,-113.61128113758863,53.54822636275471
280,Mid1977,-113.41775984241583,53.42675711203688
281,Mid6166,-113.3937100495474,53.568618234897876
282,Mid3826,-113.51040462007529,53.46653212226316
283,Mid7739,-113.57859768538034,53.435969672945426
284,Mid1083,-113.51222856956049,53.52809418713027
285,Mid4579,-113.3860192994534,53.60119818381086
286,Mid1817,-113.49736728098821,53.454077128275685
287,Mid2679,-113.53171511406379,53.42492182671091
288,Mid3873,-113.37401524602463,53.47703832718325
289,Mid2987,-113.61984513162955,53.541334696665416
290,Mid1108,-113.59627025709561,53.55895978536336
291,Mid3350,-113.54096154494157,53.42855218759219
292,Mid3807,-113.417884355298,53.46476930815447
293,Mid3379,-113.56548985511688,53.417141638401894
294,Mid2314,-113.44642933006104,53.525201718190374
295,Mid1867,-113.39375060306006,53.45656173963568
296,Mid76,-113.49564839280528,53.47500756683139
297,Mid3158,-113.49734454845617,53.54977870796485
298,Mid2332,-113.46636228048088,53.44549567838292
299,Mid1289,-113.54369738817228,53.570272817963684
300,Mid7675,-113.52571748240508,53.45554094878383
301,Mid5146,-113.50416541517502,53.476750568133625
302,Mid6523,-113.44597086232054,53.51225965500086
303,Mid3797,-113.44102890437183,53.45840978322147
304,Mid3355,-113.39169958249332,53.59951985776453
305,Mid3566,-113.55615984768195,53.6287280792149
306,Mid1146,-113.5161651430908,53.47365461457671
307,Mid2404,-113.48128812226696,53.415188104770856
308,Mid2231,-113.43956696086077,53.51807075743831
309,Mid3142,-113.50108996342937,53.53640523591504
310,Mid4535,-113.59826553315557,53.54126415437804
311,Mid1301,-113.44683250950835,53.57040329160555
312,Mid2454,-113.44641507845294,53.53751254094584
313,Mid3051,-113.61248876562682,53.53924431259754
314,Mid3048,-113.51764310978795,53.538809512205496
315,Mid3281,-113.62009662548721,53.57036010908189
316,Mid1143,-113.51612152770043,53.46332040500866
317,Mid4548,-113.67701781089534,53.521643774403664
318,Mid3492,-113.43734853481654,53.615917887802865
319,Mid4065,-113.46733910030865,53.60320524293844
320,Mid3227,-113.51825746496927,53.441043409807946
321,Mid576,-113.71027943661096,53.541408248869466
322,Mid890,-113.63407528528208,53.53769483637267
323,Mid1278,-113.39039056969332,53.57039856897142
324,Mid3012,-113.50628447306364,53.52438551889517
325,Mid1924,-113.41831997035437,53.440059431337126
326,Mid3995,-113.44259735094782,53.417619799821296
327,Mid58,-113.49151612534804,53.650755897962554
328,Mid61,-113.49198416188156,53.594056891857946
329,Mid1852,-113.48939892132341,53.46761240897331
330,Mid4608,-113.37904971571085,53.614731033177314
331,Mid5455,-113.44056665003048,53.587627238575685
332,Mid1398,-113.52609704345998,53.59940868667816
333,Mid2675,-113.55255050578268,53.42491183404941
334,Mid4614,-113.6674591658443,53.523594489013234
335,Mid2753,-113.48434829163091,53.54172583176336
336,Mid5049,-113.49696992207885,53.63145932653536
337,Mid6571,-113.63318117620334,53.5149575452638
338,Mid2301,-113.45587089228397,53.523447845047585
339,Mid3123,-113.49764515739598,53.521204420026784
340,Mid3922,-113.52902284848173,53.48826344797755
341,Mid3084,-113.49371343168825,53.56387139972308
342,Mid3276,-113.46975898576662,53.565834394253194
343,Mid1949,-113.41816369259605,53.50853312145593
344,Mid1236,-113.52293351317746,53.50001105591551
345,Mid1804,-113.46994517931977,53.45198166654805
346,Mid4470,-113.51824955873975,53.53216230624072
347,Mid3287,-113.63192121307605,53.570037637980846
348,Mid2216,-113.44003703200308,53.5179830991903
349,Mid6058,-113.37708182499298,53.47489767086256
350,Mid1935,-113.41833236586912,53.46746733800265
351,Mid143,-113.39060113396346,53.644443972745606
352,Mid2737,-113.56580218935518,53.503679010254004
353,Mid5174,-113.50435299903172,53.49076965801209
354,Mid4261,-113.5166107407974,53.60332454673661
355,Mid1499,-113.56582841463043,53.56658108634876
356,Mid37,-113.49170328397561,53.63368354972306
357,Mid3256,-113.51675855411833,53.59712486055194
358,Mid2184,-113.44320465459406,53.539384704974275
359,Mid2633,-113.43943290378787,53.424793963883445
360,Mid4575,-113.38603486046503,53.59616611607846
361,Mid2037,-113.41814281084386,53.43044332715968
362,Mid1823,-113.56228935998904,53.45415288217679
363,Mid97,-113.31395202445705,53.446604783303975
364,Mid4648,-113.68904376724525,53.538030116902114
365,Mid4255,-113.62603283061529,53.49687349614935
366,Mid3074,-113.43181186984717,53.541218187843725
367,Mid3462,-113.48025661208642,53.615123454220075
368,Mid1263,-113.3903299717671,53.57030839997918
369,Mid2170,-113.44260350003539,53.50325791559987
370,Mid6681,-113.48483512327165,53.6085835321407
371,Mid1710,-113.61492854667934,53.4332167470167
372,Mid3173,-113.50342236619197,53.56292364007523
373,Mid4367,-113.66397555485358,53.47883437984396
374,Mid5604,-113.51929398735646,53.601987467953954
375,Mid57,-113.49181688839082,53.64159159895386
376,Mid1400,-113.53806794219103,53.59936563504708
377,Mid1412,-113.47659052446345,53.599471971619174
378,Mid4627,-113.58730892610589,53.43087798370757
379,Mid2734,-113.55072594439638,53.50389288273157
380,Mid2381,-113.46685306680196,53.46724436162862
381,Mid4057,-113.44292226201993,53.53435120550834
382,Mid3983,-113.4378080028179,53.469717227006036
383,Mid3987,-113.44209339029366,53.479082893903836
384,Mid1296,-113.48962421974925,53.57041378670521
385,Mid5168,-113.50442386146301,53.51053930998568
386,Mid4393,-113.49122350278851,53.53941891360856
387,Mid4088,-113.4675146171727,53.624682366237586
388,Mid246,-113.58272086312161,53.43014315246617
389,Mid7112,-113.46970895214594,53.567541510015204
390,Mid4299,-113.53920676085896,53.536198742511104
391,Mid2567,-113.53428329038366,53.50526772579485
392,Mid4020,-113.44279138225296,53.417620705222106
393,Mid3298,-113.53900816432042,53.4787771277313
394,Mid2626,-113.47694759669443,53.42496413641103
395,Mid5219,-113.50946003250014,53.457811704536006
396,Mid1424,-113.41661007376531,53.59757712008639
397,Mid2000,-113.41697509492978,53.47617729168756
398,Mid2001,-113.41832723692409,53.48337279266928
399,Mid22,-113.41430597433789,53.59990221561066
400,Mid3396,-113.5658902337255,53.55759535398281
401,Mid7318,-113.41338915675355,53.48487630077806
402,Mid55,-113.49201320391263,53.63368486522827
403,Mid4411,-113.56545030160657,53.449491636450325
404,Mid1368,-113.5411923215968,53.58985258290376
405,Mid1297,-113.48347886065736,53.57038741108614
406,Mid6643,-113.47972289963221,53.59067940962729
407,Mid7099,-113.5332720654827,53.53159286201466
408,Mid2803,-113.49639645133077,53.5557953375601
409,Mid3189,-113.63354130823939,53.55323891205644
410,Mid4196,-113.48522110070995,53.55682608312359
411,Mid1021,-113.50512293058607,53.579644583496005
412,Mid6754,-113.6325475338021,53.533826182736824
413,Mid2422,-113.49402906445033,53.53412906360985
414,Mid3346,-113.54118821567616,53.57349816334036
415,Mid4150,-113.63387011850116,53.52160929760576
416,Mid5988,-113.41686058587162,53.45002699047986
417,Mid1373,-113.54121807086487,53.644486849455944
418,Mid1127,-113.49931550835088,53.55895268819932
419,Mid5329,-113.530650548402,53.52547210784587
420,Mid4618,-113.6855569244382,53.527956719328145
421,Mid4616,-113.67558570988862,53.52613288783493
422,Mid4044,-113.63986018218114,53.50302645300214
423,Mid4760,-113.48742148727838,53.44136439099878
424,Mid2158,-113.44293377782822,53.589076037271674
425,Mid4630,-113.60352856431437,53.43434765220954
426,Mid1151,-113.51612774756583,53.47985487438476
427,Mid1033,-113.51194332673074,53.52063461556529
428,Mid3466,-113.45560263967411,53.61582258874682
429,Mid2049,-113.41837763099656,53.57754699145037
430,Mid3353,-113.41120369464188,53.59692162303497
431,Mid3471,-113.4378257428083,53.61583027090263
432,Mid3480,-113.53541143622553,53.61705757122519
433,Mid3575,-113.48437123868268,53.62879981616266
434,Mid3613,-113.61533901530221,53.50088327851497
435,Mid2052,-113.48933068619748,53.4881004531246
436,Mid2811,-113.52299055227469,53.56713681737529
437,Mid4362,-113.48309488222007,53.543068323530804
438,Mid5410,-113.53186109065271,53.61039417801629
439,Mid1635,-113.3627000462402,53.57025425762044
440,Mid6420,-113.42787087613259,53.45214704419024
441,Mid3700,-113.62732613476857,53.5564546497698
442,Mid2212,-113.46402211915928,53.5680553249919
443,Mid4068,-113.46733660706207,53.608686648712776
444,Mid1345,-113.54109349534333,53.630468442242645
445,Mid2758,-113.55137028507153,53.56104630309211
446,Mid2495,-113.48612488239071,53.51423620166592
447,Mid3682,-113.6306662822307,53.51809490448189
448,Mid1441,-113.58637923847748,53.599452509633096
449,Mid3972,-113.68044660182264,53.49721106336883
450,Mid4847,-113.4826067261699,53.45140813710904
451,Mid1631,-113.36910120297047,53.495344241216564
452,Mid3448,-113.57795437109758,53.59232423125551
453,Mid1737,-113.64008361666708,53.567905851931826
454,Mid1818,-113.48894531955754,53.45422112466985
455,Mid3219,-113.51807487620701,53.44095281181047
456,Mid4718,-113.62137151049669,53.56317540558165
457,Mid615,-113.45006961172949,53.566644099132596
458,Mid2070,-113.48893487101859,53.48818862230614
459,Mid1227,-113.47028376450024,53.56116400356352
460,Mid4492,-113.47453204099439,53.54572681274564
461,Mid2205,-113.44298486541659,53.5230290669572
462,Mid1020,-113.50512124875182,53.57578061547506
463,Mid2643,-113.51276323677875,53.424935882970466
464,Mid1423,-113.45101905375601,53.59962697208372
465,Mid2356,-113.46701101194292,53.49105828286815
466,Mid4198,-113.48721456537125,53.568067128453364
467,Mid3654,-113.62991045989176,53.52644954361415
468,Mid4376,-113.64255470430534,53.485332051947914
469,Mid2148,-113.44299174273044,53.57272182806069
470,Mid1533,-113.39676495691714,53.61446219299496
471,Mid1115,-113.56028954827265,53.55892279131383
472,Mid3810,-113.40280609027262,53.4637962851757
473,Mid1087,-113.58421056483066,53.558918473596414
474,Mid2965,-113.55027960364934,53.57209493283218
475,Mid1010,-113.49734047053542,53.551396170786376
476,Mid2478,-113.45243798665416,53.53754027011159
477,Mid1902,-113.39388745981529,53.52674414015197
478,Mid3751,-113.41485620521074,53.455229176320664
479,Mid5314,-113.52164139531983,53.63129087904466
480,Mid3231,-113.51665427119283,53.44597931823983
481,Mid1854,-113.47096387403354,53.46546540429109
482,Mid2300,-113.4552553171554,53.520299920959495
483,Mid6569,-113.62694737961469,53.51457881668296
484,Mid3584,-113.44742873757768,53.628634987814664
485,Mid3331,-113.53590724967792,53.54894609879406
486,Mid6531,-113.63577304786612,53.509304283217915
487,Mid2754,-113.55073910599937,53.55466389659186
488,Mid5553,-113.48851136359652,53.59682773807085
489,Mid3376,-113.5653352582347,53.41696135236454
490,Mid4577,-113.38459060110873,53.60532439210363
491,Mid1554,-113.59074910775354,53.582304455169194
492,Mid2169,-113.44259289352473,53.49705745810046
493,Mid5840,-113.52803148112027,53.62277966369791
494,Mid87,-113.49204700850314,53.46996008705461
495,Mid6631,-113.52150980533922,53.43943897263599
496,Mid3862,-113.52929728435731,53.46714720162863
497,Mid1641,-113.61519938132577,53.521460808346895
498,Mid4372,-113.66413602233605,53.47892469142314
499,Mid1976,-113.41775312856112,53.43044142831314
500,Mid5436,-113.53592414224634,53.57401701630071
501,Mid1923,-113.41889535305883,53.44410601995879
502,Mid2174,-113.44276511244884,53.51035767901884
503,Mid1690,-113.61540138409188,53.533951987393294
504,Mid4165,-113.52809236654568,53.522945951374396
505,Mid1805,-113.4758341613183,53.45236709382083
506,Mid2194,-113.44284174206696,53.50658388002713
507,Mid3554,-113.47479922482981,53.62866834366941
508,Mid7474,-113.40924654764136,53.453494197256596
509,Mid1464,-113.51018443979913,53.599614190370815
510,Mid4097,-113.4550699496429,53.50771857496231
511,Mid1130,-113.5315091031223,53.55890339132776
512,Mid6302,-113.39649337520297,53.48047882992676
513,Mid2403,-113.47556235463423,53.42163316836329
514,Mid2517,-113.48610595313603,53.48539080180993
515,Mid3155,-113.51591458986024,53.549765450143866
516,Mid3893,-113.41842695901923,53.54798323893965
517,Mid3699,-113.62737278488228,53.55097336597872
518,Mid4083,-113.46751565500955,53.608867163972015
519,Mid588,-113.57813574369685,53.472271946792006
520,Mid6521,-113.51892554448293,53.51230589289203
521,Mid4279,-113.51185883397464,53.62720774431032
522,Mid3506,-113.59032821672052,53.52820754335667
523,Mid1577,-113.59034314748482,53.57556362357978
524,Mid635,-113.4530328330679,53.57447549471739
525,Mid837,-113.35004049249633,53.57063544802138
526,Mid1647,-113.61508558266115,53.53368139182711
527,Mid7247,-113.40267200252373,53.58438882482751
528,Mid1939,-113.416584720196,53.476085525119345
529,Mid3062,-113.59651934786908,53.53928136048582
530,Mid1097,-113.52415755753393,53.55878451238347
531,Mid5512,-113.48428301449653,53.59213690150054
532,Mid4487,-113.59358000657669,53.464507571880546
533,Mid2405,-113.40621487671037,53.52671613152445
534,Mid4721,-113.59661662774043,53.56300463054707
535,Mid72,-113.49278660024744,53.44758774136633
536,Mid2346,-113.46633833082377,53.478025419439646
537,Mid3885,-113.57861302487751,53.47730583754067
538,Mid2080,-113.47451197319637,53.48812608207893
539,Mid1626,-113.36913977780021,53.44744812440541
540,Mid4929,-113.36482394219831,53.51221551373316
541,Mid3270,-113.52589462100201,53.51044666238505
542,Mid2013,-113.41840541965834,53.50871401961547
543,Mid618,-113.45293623177844,53.57564323065932
544,Mid3493,-113.42548899982246,53.61586154922765
545,Mid150,-113.57613959151502,53.600854422954164
546,Mid4061,-113.52246187711116,53.51636379024076
547,Mid3332,-113.53589757624223,53.552450595271075
548,Mid1829,-113.58496585448574,53.456390470485736
549,Mid1875,-113.393546663601,53.48333948110562
550,Mid4040,-113.62517764075372,53.50379006108255
551,Mid3558,-113.48440256657489,53.62871009222254
552,Mid1634,-113.3692853578999,53.51035204908136
553,Mid1981,-113.41919335252798,53.44410746910533
554,Mid3814,-113.45872202423381,53.465140994736934
555,Mid5745,-113.4459422252152,53.610206983758395
556,Mid2198,-113.44294901527341,53.51035853605323
557,Mid4104,-113.47329725478681,53.563154228839785
558,Mid1871,-113.39378393086413,53.46563795024737
559,Mid5937,-113.63792262953403,53.53123664455926
560,Mid4993,-113.47937401581193,53.49785234023923
561,Mid4934,-113.38759849887971,53.51233434348998
562,Mid1601,-113.36848620653966,53.474762695578164
563,Mid2127,-113.44275564183108,53.61765050967747
564,Mid2275,-113.46736714887541,53.593770130298715
565,Mid3262,-113.52572528016907,53.510086548751325
566,Mid116,-113.41803168482674,53.37985018648315
567,Mid3696,-113.62756350851808,53.53956178821472
568,Mid2355,-113.46704663541666,53.4966298221263
569,Mid1752,-113.64029643895681,53.56808621052363
570,Mid1458,-113.53764505486734,53.59963357923862
571,Mid1872,-113.39363881601297,53.47022016044083
572,Mid4502,-113.50488367204262,53.52321154189201
573,Mid597,-113.59012127770416,53.454790767290945
574,Mid2516,-113.48609402882319,53.47640464162062
575,Mid2781,-113.51662138109417,53.42288473696906
576,Mid1191,-113.51656164092635,53.46368163133295
577,Mid1567,-113.59034685125475,53.59766897865076
578,Mid4262,-113.51660975510521,53.610423409826
579,Mid2283,-113.46730795565986,53.57193397450798
580,Mid4193,-113.62409168630198,53.529935928306855
581,Mid7,-113.41609380869991,53.592183020703345
582,Mid3212,-113.60848799095098,53.55953955541212
583,Mid2740,-113.4919710811906,53.493593220988934
584,Mid4080,-113.46752039710528,53.60356548707039
585,Mid2664,-113.43941700031019,53.42497361350106
586,Mid3368,-113.39927164677567,53.59883923140992
587,Mid4629,-113.59363895609715,53.43404483532283
588,Mid6286,-113.40297396955246,53.59050080268433
589,Mid4583,-113.38124119266853,53.61078856074844
590,Mid1220,-113.51672537550046,53.42737824806807
591,Mid1213,-113.516937171663,53.49612296443781
592,Mid1622,-113.36896731836262,53.48527904844656
593,Mid3809,-113.39644990645832,53.46358462571388
594,Mid4871,-113.41492319246674,53.53924968524994
595,Mid3817,-113.42445100657396,53.46525042542919
596,Mid2061,-113.46102925741845,53.488066044591626
597,Mid4267,-113.51688690017042,53.62453237879241
598,Mid3838,-113.39645616065681,53.46367451905012
599,Mid4753,-113.56442706047639,53.58499716218345
600,Mid2838,-113.60691273285333,53.553963099481955
601,Mid5114,-113.51486683450932,53.548233585678155
602,Mid2982,-113.64277723152856,53.54131553282792
603,Mid1743,-113.63955307179684,53.58201213924737
604,Mid1080,-113.51203539681298,53.51039089824164
605,Mid7679,-113.52435956531906,53.45014386924926
606,Mid4343,-113.53327846904986,53.54129777460492
607,Mid2342,-113.46634150355057,53.469488612132
608,Mid2576,-113.58721957035158,53.6204823644605
609,Mid1940,-113.4180191238934,53.48409018347741
610,Mid995,-113.53854175273264,53.55102306885938
611,Mid1339,-113.54110388355328,53.62031444832665
612,Mid2008,-113.4182874880176,53.49002233527406
613,Mid2434,-113.49164826287692,53.56440180020598
614,Mid4475,-113.58864275242581,53.47536384357408
615,Mid2336,-113.46634071331633,53.454302022433254
616,Mid1796,-113.56233034909748,53.45397330992241
617,Mid5799,-113.59603592519342,53.50971577827006
618,Mid601,-113.58597475446344,53.4634929924963
619,Mid3844,-113.43152917567201,53.46555389289997
620,Mid4644,-113.62226389454636,53.4395304571609
621,Mid1627,-113.36890626007529,53.45670268269045
622,Mid1592,-113.42445560281271,53.62861659668566
623,Mid2903,-113.58800658432536,53.42719607073208
624,Mid4366,-113.64268728480192,53.4851527274119
625,Mid3040,-113.6889668792748,53.547285444578336
626,Mid1466,-113.4981812929781,53.59956445833217
627,Mid3313,-113.54105135927873,53.48570427733325
628,Mid2142,-113.44292931194808,53.613068495867175
629,Mid1026,-113.48671825005147,53.55332797808163
630,Mid5839,-113.52108242922182,53.62311149746782
631,Mid3302,-113.53891910141411,53.463230825477574
632,Mid5538,-113.51157672083107,53.59494720050529
633,Mid2562,-113.34475549732375,53.540143861717596
634,Mid2394,-113.46733911303197,53.49132932850382
635,Mid4591,-113.38263280794821,53.57763745841898
636,Mid1433,-113.62743816663162,53.60192370855938
637,Mid3426,-113.57801021088522,53.515584288974125
638,Mid1221,-113.47026677653237,53.56107406838082
639,Mid3157,-113.50481016676807,53.549809850510826
640,Mid1171,-113.517102399842,53.43088438091096
641,Mid3841,-113.45806922902324,53.465317758838346
642,Mid570,-113.64998729834157,53.541246992017314
643,Mid1214,-113.51694540382108,53.49234884551839
644,Mid214,-113.57220978442508,53.58116129428304
645,Mid3718,-113.66544273814633,53.49204797693277
646,Mid4839,-113.48290519560187,53.447904827980835
647,Mid1685,-113.61560637687698,53.52164183749493
648,Mid4607,-113.38130977824605,53.611058494175154
649,Mid3443,-113.57796788667476,53.52636735684466
650,Mid4374,-113.6505337495022,53.48274969412144
651,Mid3000,-113.60976872558047,53.44011932341037
652,Mid1860,-113.48880946241357,53.46778961137308
653,Mid3582,-113.5190743719419,53.62876454961998
654,Mid32,-113.49182302884934,53.601065234295426
655,Mid3476,-113.50913499703273,53.61416706547952
656,Mid1015,-113.50481090013955,53.55142733295997
657,Mid1869,-113.39378966306921,53.46132461477665
658,Mid1847,-113.48273081606965,53.46758373077093
659,Mid2304,-113.45617370961648,53.534771644765456
660,Mid5132,-113.49924998274574,53.45758962871959
661,Mid2831,-113.60669543896704,53.553962385170195
662,Mid1901,-113.39384319910337,53.5060758928151
663,Mid1825,-113.56956664567755,53.45417932036105
664,Mid2117,-113.44283508137877,53.5976122387349
665,Mid3692,-113.63053935393836,53.53112420112274
666,Mid3472,-113.54492638745037,53.61664483155607
667,Mid2373,-113.46685482168779,53.454484040730286
668,Mid3947,-113.52503784673317,53.49714389405719
669,Mid582,-113.58906449217851,53.45415810960525
670,Mid1793,-113.57636220163765,53.45420360821238
671,Mid2428,-113.49407669477816,53.534308985642795
672,Mid3091,-113.54250881004768,53.54304077955224
673,Mid1958,-113.41849202338206,53.52408064669132
674,Mid4758,-113.42734411621656,53.58765454576232
675,Mid6656,-113.47968199881996,53.63542908049917
676,Mid3460,-113.41109078108315,53.61579157114729
677,Mid4722,-113.58423405034065,53.56314195268983
678,Mid4787,-113.60252893170949,53.566528938380316
679,Mid17,-113.4162735348537,53.59218389759598
680,Mid1252,-113.59701749617358,53.57037445190883
681,Mid4162,-113.60586231700894,53.51954333350076
682,Mid3953,-113.5079310124694,53.49824288764166
683,Mid3511,-113.59038680584182,53.553548208550964
684,Mid209,-113.5311962309166,53.5806481833045
685,Mid5683,-113.40124938223292,53.606936511014595
686,Mid4574,-113.38596172303083,53.5913133087823
687,Mid4098,-113.45511491500741,53.514907641023356
688,Mid2026,-113.41872233222182,53.524441209477644
689,Mid3733,-113.4631384305375,53.45168168998062
690,Mid954,-113.49767469251042,53.49550440388756
691,Mid187,-113.57191773596553,53.59616672723621
692,Mid1551,-113.3738314178853,53.61596188047146
693,Mid4999,-113.47938502266771,53.4809585222139
694,Mid3306,-113.53913868010034,53.47868777017867
695,Mid2100,-113.4628828255498,53.499846178314044
696,Mid4543,-113.53336045765982,53.54659983202635
697,Mid2327,-113.4666847998797,53.437050112691495
698,Mid1637,-113.6152416262103,53.51579976058516
699,Mid1931,-113.4204846696352,53.45705384344201
700,Mid4151,-113.64315616084568,53.52154751175781
701,Mid3676,-113.63105422232029,53.506414288260224
702,Mid224,-113.51554870500162,53.5816641617002
703,Mid1181,-113.51865322247066,53.43772012645218
704,Mid4240,-113.64578603886453,53.49549589646288
705,Mid3286,-113.61955086375157,53.57044823397911
706,Mid1307,-113.52700752780358,53.563738100543915
707,Mid4712,-113.57195045948227,53.56049270138144
708,Mid4594,-113.38301388367614,53.58195270787568
709,Mid1886,-113.39383459140824,53.47022115367785
710,Mid60,-113.49204664223159,53.58695826287365
711,Mid204,-113.49169668967521,53.58138548666899
712,Mid2739,-113.49203733790083,53.484517547376356
713,Mid2991,-113.42587759628918,53.53984193961938
714,Mid3416,-113.57798568409136,53.55718934166887
715,Mid2925,-113.44800371895377,53.49016326541133
716,Mid1036,-113.50831523428381,53.53562641963545
717,Mid2028,-113.41872859711289,53.530372045255135
718,Mid2204,-113.44298055673855,53.51979406290961
719,Mid2193,-113.44278501546421,53.503438483695376
720,Mid2090,-113.51947755669141,53.4982898607267
721,Mid1675,-113.61462073620795,53.426655872410414
722,Mid2785,-113.51823384933911,53.417050229745556
723,Mid1988,-113.42081766925352,53.457145319817876
724,Mid3393,-113.56574635978562,53.540251896993794
725,Mid1883,-113.39398389189633,53.46132560001755
726,Mid3859,-113.49985527586253,53.46783635287429
727,Mid3627,-113.61552992279842,53.502770959194606
728,Mid2905,-113.582595837999,53.4307717460826
729,Mid7315,-113.40623861250532,53.48457140705897
730,Mid2532,-113.45552277855153,53.50178982141669
731,Mid4215,-113.50016354396563,53.49901940775279
732,Mid7502,-113.4483997453234,53.45080579820584
733,Mid2777,-113.51804583477737,53.41704947119012
734,Mid2776,-113.52699947533087,53.41115437904188
735,Mid2132,-113.44303748897813,53.597613180979195
736,Mid1276,-113.45726039706054,53.57045105554261
737,Mid2482,-113.47590041227349,53.53791497808596
738,Mid5044,-113.52642521547773,53.53965335222807
739,Mid1390,-113.58668072543175,53.59936369236625
740,Mid1000,-113.55296353046305,53.551077840850056
741,Mid905,-113.4141019348821,53.54104287486485
742,Mid3250,-113.516496604683,53.63540370936769
743,Mid3437,-113.57817102425115,53.55736971462346
744,Mid1474,-113.45206053797801,53.59981146429972
745,Mid2176,-113.44280811824872,53.522938382797875
746,Mid3737,-113.44180768045098,53.45356089473859
747,Mid3164,-113.50291442393508,53.535693952029554
748,Mid3357,-113.39951262382338,53.598570861744626
749,Mid4136,-113.59347003765703,53.51950184124336
750,Mid5510,-113.5115318174188,53.59216137902192
751,Mid4523,-113.61171864088699,53.54130858879638
752,Mid1772,-113.47015966885147,53.45180289474621
753,Mid3496,-113.54463430171919,53.61682343831822
754,Mid3436,-113.57815272780661,53.55359554587791
755,Mid4653,-113.68885577932558,53.53075099902395
756,Mid2766,-113.55153741773994,53.56122664906943
757,Mid2167,-113.44257472850119,53.48879015268844
758,Mid1580,-113.59032321536444,53.60557648004505
759,Mid4076,-113.4673099421593,53.630252711761145
760,Mid4148,-113.65226951371078,53.52139464275469
761,Mid2976,-113.6335004837068,53.541197604121606
762,Mid2913,-113.44845402007446,53.489716038581676
763,Mid3543,-113.60263841082693,53.54631090791565
764,Mid3035,-113.689087140502,53.566695360694915
765,Mid1595,-113.36909470436271,53.52958130538456
766,Mid3518,-113.59041035995277,53.56657791881131
767,Mid4838,-113.48736707594104,53.447384886887455
768,Mid3153,-113.45319585442982,53.549315435923596
769,Mid1980,-113.41807079181507,53.43538539207962
770,Mid6437,-113.43071487094903,53.62046934242051
771,Mid211,-113.53862096335205,53.58049732657173
772,Mid6854,-113.50387494445306,53.619806492764674
773,Mid1704,-113.61543781281566,53.57636579252928
774,Mid1340,-113.54108640826203,53.62624505799718
775,Mid7512,-113.41584528299902,53.445798521739626
776,Mid1105,-113.49829337414366,53.55885854553618
777,Mid3371,-113.3910353732464,53.599696199042256
778,Mid235,-113.64434646121762,53.5733101526045
779,Mid1614,-113.36884767492906,53.47476460517871
780,Mid2561,-113.38026592493783,53.54114190135188
781,Mid1392,-113.57741018801964,53.59933131425019
782,Mid1774,-113.47609870415033,53.45227839255469
783,Mid6524,-113.47054793607862,53.51219130020864
784,Mid6597,-113.45854138385167,53.52085401096015
785,Mid2759,-113.5493788320629,53.56849716319567
786,Mid201,-113.4595319629543,53.58232282921942
787,Mid3882,-113.38515430818062,53.47413072102304
788,Mid6237,-113.40076440954924,53.48184824308855
789,Mid3322,-113.54121825805034,53.4861542220892
790,Mid7629,-113.57804291677981,53.48512171055904
791,Mid5504,-113.54502440869513,53.59220355458669
792,Mid4651,-113.68876271138605,53.519787866823066
793,Mid4257,-113.5120312404,53.62693887086185
794,Mid7535,-113.41405144397652,53.60879706578823
795,Mid174,-113.56321735473932,53.588227683764146
796,Mid2187,-113.44276084011017,53.489420048569876
797,Mid2967,-113.55297431744616,53.575250112689844
798,Mid1857,-113.48247522697949,53.467672485430995
799,Mid1232,-113.45552404995588,53.56118759107787
800,Mid5688,-113.48801163382407,53.60679997972502
801,Mid1109,-113.58418490915396,53.55891838441403
802,Mid919,-113.49371105548087,53.55623330067427
803,Mid4885,-113.46407582989737,53.49392071069055
804,Mid129,-113.3986819956516,53.62237946878947
805,Mid1079,-113.51204249560038,53.51515353408615
806,Mid1942,-113.4180810406221,53.493436056850854
807,Mid1667,-113.61514585291508,53.57609527613787
808,Mid5076,-113.5333622731485,53.54300544132962
809,Mid2323,-113.45287537822759,53.52514152668604
810,Mid980,-113.50335350691137,53.572538343860906
811,Mid3949,-113.50186855735511,53.49794819579528
812,Mid3455,-113.52429497836116,53.61485729214224
813,Mid3305,-113.53880595235064,53.474642743990266
814,Mid4015,-113.44263395732645,53.479444861362246
815,Mid2961,-113.55012260319185,53.57209434253986
816,Mid2471,-113.44622385189138,53.53760151598928
817,Mid3041,-113.68902406739996,53.55636138795696
818,Mid5642,-113.4012624998715,53.60675685747927
819,Mid6615,-113.61013355405257,53.523690898318314
820,Mid3059,-113.58418467506463,53.53923910923199
821,Mid3271,-113.52590024009503,53.51440054486191
822,Mid2012,-113.4182751538283,53.49775033763491
823,Mid1549,-113.38494285345335,53.61601949591098
824,Mid2034,-113.41867395646014,53.53953755817774
825,Mid1203,-113.51669655592057,53.48030648085317
826,Mid1699,-113.61542088416243,53.566750797111744
827,Mid6066,-113.37789299098675,53.45558160654434
828,Mid2542,-113.45582269135475,53.501791187061784
829,Mid7526,-113.45872854697802,53.47906953136552
830,Mid3950,-113.50816412823045,53.498153986283
831,Mid3731,-113.45441373911999,53.45245092243828
832,Mid7444,-113.42884701928439,53.63097396685323
833,Mid2563,-113.35885166390723,53.54013040484316
834,Mid1983,-113.41964507449406,53.45237695621262
835,Mid2447,-113.49226836957376,53.57374984688755
836,Mid102,-113.31401842153221,53.44687475183482
837,Mid3555,-113.48939093235914,53.628731474062675
838,Mid5501,-113.49798074494004,53.59201543453993
839,Mid1044,-113.50833970322533,53.55512614719953
840,Mid2575,-113.49499501989285,53.49108993036284
841,Mid1597,-113.36921388473483,53.553934187250526
842,Mid4241,-113.61820756495355,53.49747778148744
843,Mid4884,-113.47329759532937,53.493961701230425
844,Mid5328,-113.52131916270193,53.56101968139582
845,Mid4011,-113.43828215206487,53.470078902560054
846,Mid39,-113.49151490230423,53.64168017540752
847,Mid4567,-113.38254856709125,53.577097863000645
848,Mid4739,-113.59658752871474,53.57351807882325
849,Mid3769,-113.40126595793997,53.45435308985641
850,Mid3547,-113.5561961270788,53.62872821372285
851,Mid1011,-113.52947497856073,53.550987744123375
852,Mid992,-113.55294430031553,53.550898049414805
853,Mid4064,-113.52245081061697,53.51654346686257
854,Mid2768,-113.54950371949221,53.56867735261623
855,Mid2655,-113.48457743420487,53.4249074426082
856,Mid3765,-113.44113241270243,53.45373746143332
857,Mid2514,-113.48614598806942,53.514236292379216
858,Mid5471,-113.41586078906224,53.44247370552513
859,Mid4253,-113.63387152089474,53.495909298537406
860,Mid5046,-113.49633071179024,53.62381863688025
861,Mid1588,-113.40426288325071,53.6282482290866
862,Mid986,-113.60566119442807,53.55126319255932
863,Mid4059,-113.51639080514887,53.518046735644496
864,Mid6555,-113.44929381853699,53.54525382149412
865,Mid4047,-113.62496203125882,53.50396910537057
866,Mid4128,-113.64316294730845,53.52145767207851
867,Mid1300,-113.39682995923695,53.57034134953483
868,Mid1091,-113.5606466393545,53.55883424381655
869,Mid1711,-113.61482754147296,53.426746400907646
870,Mid586,-113.58573431858116,53.46313271524028
871,Mid3257,-113.51669837075845,53.593530247511204
872,Mid2223,-113.48138128270443,53.517989863273684
873,Mid0,-113.3200847141769,53.70067546443424
874,Mid172,-113.55936008768509,53.584169875894034
875,Mid1821,-113.57632578781129,53.45438320140193
876,Mid1696,-113.61544367109406,53.55641703801778
877,Mid2076,-113.46031548829284,53.48815268492956
878,Mid2873,-113.4860493092135,53.46427318085171
879,Mid996,-113.54447709695106,53.55095596127471
880,Mid5077,-113.52605823466598,53.54306657934025
881,Mid1129,-113.54538819730358,53.55886708560157
882,Mid4246,-113.64578830385668,53.49558576349113
883,Mid3253,-113.51650806331932,53.593529478721926
884,Mid7804,-113.57231191104755,53.444663887300614
885,Mid555,-113.42950267437516,53.51604622116153
886,Mid1576,-113.59040849384819,53.572239052980315
887,Mid122,-113.40665888054528,53.61046797436424
888,Mid3883,-113.37360291283096,53.47721588997824
889,Mid2596,-113.48407603727236,53.535704022155706
890,Mid117,-113.41845246351829,53.37985223692569
891,Mid3333,-113.53590031241187,53.55730303420886
892,Mid2794,-113.5103761110576,53.56160440821262
893,Mid2051,-113.41815542164477,53.403844135766676
894,Mid7110,-113.38398323418284,53.6193393624254
895,Mid4404,-113.59379082475624,53.52237845445065
896,Mid2364,-113.47299841049248,53.428002083871846
897,Mid3978,-113.43497781996433,53.46350343366153
898,Mid2292,-113.46724963046304,53.59062452466742
899,Mid7465,-113.406433873065,53.460759062562786
900,Mid4573,-113.38463563201044,53.5866337799882
901,Mid4143,-113.61783013599403,53.519672045394984
902,Mid4544,-113.55127814757314,53.546219099397696
903,Mid2294,-113.45570653465934,53.523447096983915
904,Mid59,-113.49196806956141,53.58318383018551
905,Mid1437,-113.60206317985991,53.59941583231268
906,Mid4072,-113.46732477166137,53.618391387400294
907,Mid2986,-113.62514915579013,53.54135143899755
908,Mid1686,-113.61539084013988,53.528290781648955
909,Mid3583,-113.52833365580942,53.628891249578544
910,Mid1304,-113.40917030960148,53.57040293305394
911,Mid2109,-113.4903425619196,53.49996640756727
912,Mid1855,-113.4770838177617,53.46657067846879
913,Mid1380,-113.62771994651976,53.60183472668704
914,Mid565,-113.67470534449568,53.54104720042274
915,Mid1594,-113.35929148102188,53.628644986914445
916,Mid2539,-113.43926364571068,53.509981863906134
917,Mid3445,-113.57806271972453,53.54595715301307
918,Mid2784,-113.52713383065829,53.4112447730726
919,Mid2791,-113.49647296955987,53.55570579977857
920,Mid1873,-113.39354831807353,53.47677959893507
921,Mid3330,-113.53589769578554,53.54499222601206
922,Mid7362,-113.46097893434889,53.45661435466795
923,Mid1546,-113.39647249372501,53.6147302970551
924,Mid3670,-113.63029155360205,53.49913325168275
925,Mid6,-113.41817460875562,53.584195636097235
926,Mid4649,-113.68919008515707,53.5380304972652
927,Mid1005,-113.58422533436826,53.551100738779226
928,Mid198,-113.32198890422937,53.57003044786964
929,Mid6503,-113.51749511025042,53.50843612602294
930,Mid1386,-113.54643661513325,53.599397646234124
931,Mid2085,-113.51422973953551,53.498178789367394
932,Mid2618,-113.48487338012359,53.424818857378924
933,Mid4639,-113.59354093851448,53.43422422464834
934,Mid1693,-113.61557446268205,53.54698220463312
935,Mid4032,-113.64018122649505,53.502847699305455
936,Mid1885,-113.39397516777412,53.46563892027819
937,Mid2681,-113.60173534933524,53.42463665123652
938,Mid1128,-113.53854022104474,53.558930722921595
939,Mid6707,-113.57535456668573,53.531480126583354
940,Mid1372,-113.54125708605696,53.612317598706674
941,Mid987,-113.59655807488198,53.55123283351546
942,Mid1502,-113.56581619624481,53.57484811027808
943,Mid2553,-113.4391771807305,53.5102510408817
944,Mid4720,-113.61081770084252,53.563051675720025
945,Mid1235,-113.52274136521386,53.50504248362328
946,Mid5508,-113.52171244580285,53.59211264565454
947,Mid167,-113.3635977839335,53.51607302257657
948,Mid3351,-113.5409473851743,53.414084387787064
949,Mid2600,-113.46271484160808,53.52743265710882
950,Mid3450,-113.49754585727443,53.61402911579009
951,Mid1303,-113.43088128154604,53.57032846970668
952,Mid4640,-113.60351334892229,53.434527324435706
953,Mid2872,-113.48475152136643,53.45977452300601
954,Mid2273,-113.4674752858485,53.59826358364464
955,Mid2879,-113.47977496676383,53.422460349032086
956,Mid3904,-113.41870315847821,53.54313211925999
957,Mid3352,-113.40614839258996,53.597525659967616
958,Mid4344,-113.5279061047236,53.54091724777453
959,Mid83,-113.49566155669545,53.41632801103034
960,Mid1004,-113.59655420245137,53.551322680079984
961,Mid2391,-113.46730007356847,53.486027352525014
962,Mid1016,-113.5049345008992,53.57586970243894
963,Mid2092,-113.49050446308594,53.4997873761534
964,Mid3574,-113.47449124935484,53.62875685097998
965,Mid5305,-113.47596102802518,53.56586172436197
966,Mid1715,-113.61513442444186,53.59065241111428
967,Mid7758,-113.46327174267446,53.42175829376285
968,Mid2048,-113.41838740625886,53.572874320377075
969,Mid1716,-113.61507219753808,53.607635533182105
970,Mid2763,-113.55089581143883,53.55511378372179
971,Mid1270,-113.6025582797924,53.57048284720414
972,Mid138,-113.40804770144713,53.610564711107415
973,Mid2473,-113.43727622085032,53.53755974717239
974,Mid2024,-113.41861588077163,53.518779463166105
975,Mid4369,-113.65041547751224,53.48265948774498
976,Mid1798,-113.56956394658438,53.45399958828011
977,Mid2467,-113.42261809030235,53.53847833969452
978,Mid73,-113.49551841994332,53.465391868601195
979,Mid6678,-113.48520211638214,53.5981614376141
980,Mid3996,-113.44261427424541,53.422652161195465
981,Mid4266,-113.51818581297954,53.61851707112675
982,Mid186,-113.56342970844398,53.58813859956074
983,Mid3502,-113.5579232248595,53.6146267884099
984,Mid2788,-113.47297429542975,53.552100027246865
985,Mid1285,-113.57166346490118,53.570376218694044
986,Mid5229,-113.50845998324476,53.62674454193933
987,Mid7480,-113.45052834504884,53.466900827733994
988,Mid4073,-113.4673177451397,53.624591631284936
989,Mid1069,-113.50852832906374,53.55512692239756
990,Mid1448,-113.57161976913571,53.599490444312465
991,Mid6519,-113.50823445725251,53.5122623953994
992,Mid2481,-113.4708333990468,53.53816224522408
993,Mid4308,-113.54212433905224,53.54483650670921
994,Mid1367,-113.54117687889466,53.594345483948096
995,Mid2728,-113.44793179564854,53.58289888414629
996,Mid3643,-113.63085229822845,53.506233944528
997,Mid1293,-113.49945696973272,53.5703654720647
998,Mid4750,-113.58398745368274,53.58488705224589
999,Mid4069,-113.46733331984987,53.612910017436874
1000,Mid2581,-113.58643380931763,53.62092894522716
1001,Mid3457,-113.53588641926193,53.6168796962445
1002,Mid1375,-113.41741818937611,53.59758105708105
1003,Mid606,-113.57044799213573,53.482308973488585
1004,Mid1132,-113.48926786032736,53.55926964856104
1005,Mid2438,-113.48799302656336,53.54848100013649
1006,Mid1566,-113.59092943918697,53.58239493103182
1007,Mid3482,-113.524023473794,53.61494607166325
1008,Mid1891,-113.39376126442504,53.481812924755125
1009,Mid3698,-113.62738680857473,53.54594127358092
1010,Mid4415,-113.56733724793179,53.46082099210988
1011,Mid1450,-113.55787238544937,53.59953030214267
1012,Mid3160,-113.4249221177765,53.5499017131996
1013,Mid2172,-113.44279821162235,53.51610892380641
1014,Mid1674,-113.61446464903273,53.43276594395249
1015,Mid5647,-113.48810790354159,53.6067105323401
1016,Mid4505,-113.48951344873035,53.525573139884855
1017,Mid3933,-113.50072830076168,53.48814860629383
1018,Mid3832,-113.5001981723566,53.467747926306174
1019,Mid4022,-113.4428068241653,53.42265305960938
1020,Mid4995,-113.47940989293024,53.47080431585327
1021,Mid3711,-113.63691928942887,53.46195129096117
1022,Mid4444,-113.56574228230735,53.43960795118334
1023,Mid3892,-113.41842804706931,53.54295106083338
1024,Mid1899,-113.39381784869853,53.4911587991501
1025,Mid1948,-113.41809198334863,53.497479862679505
1026,Mid231,-113.55347043050661,53.58118268372988
1027,Mid1964,-113.41843273116709,53.53908708278471
1028,Mid5160,-113.50425325781298,53.46947218077135
1029,Mid1371,-113.54128341587419,53.60863348353908
1030,Mid124,-113.40156845290274,53.61664293357894
1031,Mid3263,-113.5256881729602,53.514219982873755
1032,Mid1929,-113.42070495634617,53.461997304836096
1033,Mid3846,-113.42407484693109,53.46533847463191
1034,Mid1782,-113.48906921368985,53.45368248564999
1035,Mid3918,-113.41170492657562,53.62585883548877
1036,Mid2280,-113.4673084320711,53.563487149230035
1037,Mid1694,-113.61543904586718,53.55093559177283
1038,Mid2149,-113.4429693156935,53.57649583815065
1039,Mid5856,-113.60732231487542,53.52601805884888
1040,Mid1233,-113.46490983758292,53.561229944951776
1041,Mid5326,-113.52131208565106,53.55589764531999
1042,Mid5147,-113.50404438700458,53.46956117527538
1043,Mid7509,-113.43408753609302,53.44597618815408
1044,Mid1086,-113.5964325925022,53.55887047365477
1045,Mid230,-113.5715043316366,53.58133848838677
1046,Mid2177,-113.44280650971712,53.51961353055687
1047,Mid50,-113.49199792107927,53.61041133285483
1048,Mid2279,-113.46730518825018,53.56806998942541
1049,Mid3914,-113.4183945835207,53.56883065355359
1050,Mid3875,-113.38532860054664,53.47395189433374
1051,Mid3585,-113.45550227287983,53.62867198355274
1052,Mid6232,-113.41258231223819,53.46977561184195
1053,Mid993,-113.54503235974411,53.5509580747239
1054,Mid5013,-113.48506597881887,53.44485886586483
1055,Mid6520,-113.5302236646159,53.51226096062672
1056,Mid3403,-113.56582244399564,53.61887906492656
1057,Mid4633,-113.61027322231239,53.43580762842102
1058,Mid1799,-113.54643154171906,53.45589096071215
1059,Mid4084,-113.46752674615831,53.61327031487445
1060,Mid5307,-113.48344111403428,53.56580439870667
1061,Mid1593,-113.4367812648999,53.62867522382871
1062,Mid3214,-113.65001084401511,53.55796092608689
1063,Mid2190,-113.44278375308454,53.49732793104124
1064,Mid4971,-113.45502320926148,53.49549727817864
1065,Mid912,-113.413622771046,53.54122024740981
